{
  "h1_y1": {
    "n": 112666,
    "within_r2": 0.025743317607894167,
    "coefficients": {
      "e_V": {
        "coef": -0.017257788729047905,
        "se": 0.0033674499696682136,
        "t": -5.124883482900942,
        "p": 2.982122446759661e-07
      },
      "e_L": {
        "coef": 0.007423057371635445,
        "se": 0.0008841908000433375,
        "t": 8.395311703392087,
        "p": 0.0
      }
    }
  },
  "h1_y2": {
    "n": 112051,
    "within_r2": 0.011924393992204019,
    "coefficients": {
      "e_V": {
        "coef": -0.00222036128945707,
        "se": 0.0010700206354183584,
        "t": -2.075063990321037,
        "p": 0.037982881863080964
      },
      "e_L": {
        "coef": 0.020484361020557486,
        "se": 0.0017643950063883918,
        "t": 11.60984980482784,
        "p": 0.0
      }
    }
  },
  "h2_y2": {
    "n": 111759,
    "within_r2": 0.011993539958683574,
    "coefficients": {
      "e_V_pre": {
        "coef": -0.005490873797316363,
        "se": 0.001738847929282741,
        "t": -3.157765382957496,
        "p": 0.0015902573872073056
      },
      "e_V_post": {
        "coef": 0.00046114834344604557,
        "se": 0.0012922173807778546,
        "t": 0.3568659192375634,
        "p": 0.7211928585191933
      },
      "e_L": {
        "coef": 0.020489325628130484,
        "se": 0.001766432425937903,
        "t": 11.599269424218985,
        "p": 0.0
      }
    }
  },
  "h3_y1": {
    "n": 112666,
    "within_r2": 0.026846682412955403,
    "coefficients": {
      "eV_SE1": {
        "coef": -0.024945909570696104,
        "se": 0.002945094599027789,
        "t": -8.470325394278014,
        "p": 0.0
      },
      "eV_SE2": {
        "coef": -0.014190033342751204,
        "se": 0.0036641959376045863,
        "t": -3.872618600201748,
        "p": 0.00010773303943034662
      },
      "eV_SE3": {
        "coef": -0.021839977720863327,
        "se": 0.0037687434871649488,
        "t": -5.795028978555537,
        "p": 6.849066869207832e-09
      },
      "eV_SE4": {
        "coef": -0.032398925274822736,
        "se": 0.006202598965054593,
        "t": -5.223443504466127,
        "p": 1.7593750301081457e-07
      },
      "e_L": {
        "coef": 0.007439449881386497,
        "se": 0.0008699985351114164,
        "t": 8.55110621586709,
        "p": 0.0
      }
    },
    "wald": {
      "stat": 11.481992673280201,
      "p": 0.009385654740383442,
      "df": 3
    }
  },
  "h3_y2": {
    "n": 112051,
    "within_r2": 0.012170421563071576,
    "coefficients": {
      "eV_SE1": {
        "coef": -0.002128694874892247,
        "se": 0.0017405570643935057,
        "t": -1.222996314478197,
        "p": 0.2213336615738597
      },
      "eV_SE2": {
        "coef": -0.00015940421638980013,
        "se": 0.0010002537059001487,
        "t": -0.1593637848573118,
        "p": 0.8733825570802418
      },
      "eV_SE3": {
        "coef": -0.015418724084523987,
        "se": 0.006097254822707598,
        "t": -2.528797718458652,
        "p": 0.011446758108423438
      },
      "eV_SE4": {
        "coef": -0.022588968519681802,
        "se": 0.010027741140226936,
        "t": -2.252647750256006,
        "p": 0.024283295175978603
      },
      "e_L": {
        "coef": 0.02032747508460449,
        "se": 0.0017603694430546402,
        "t": 11.547277853978033,
        "p": 0.0
      }
    },
    "wald": {
      "stat": 9.051027068149796,
      "p": 0.028620090781068752,
      "df": 3
    }
  }
}